{
  "IcoMoonType": "selection",
  "icons": [
    {
      "icon": {
        "paths": [
          "M85.662 265.853l426.338-246.146 426.339 246.146v492.292l-426.339 246.149-426.338-246.149v-492.292z",
          "M329.265 499.93c-6.665 6.666-6.665 17.473 0 24.139l108.611 108.609c6.666 6.666 17.473 6.666 24.136 0 6.666-6.663 6.666-17.469 0-24.136l-96.543-96.543 96.543-96.543c6.666-6.666 6.666-17.473 0-24.136-6.663-6.666-17.469-6.666-24.136 0l-108.611 108.609zM682.667 494.933h-341.333v34.133h341.333v-34.133z"
        ],
        "attrs": [
          {
            "fill": "none",
            "stroke": "rgb(159, 107, 8)",
            "strokeLinejoin": "miter",
            "strokeLinecap": "butt",
            "strokeMiterlimit": "4",
            "strokeWidth": 34.13333333333333
          },
          {
            "fill": "rgb(159, 107, 8)"
          }
        ],
        "isMulticolor": false,
        "isMulticolor2": true,
        "grid": 0,
        "tags": [
          "aroow-left"
        ],
        "colorPermutations": {
          "1591078125525525514441": [
            {
              "s": 1
            },
            {
              "f": 1
            }
          ]
        }
      },
      "attrs": [
        {
          "fill": "none",
          "stroke": "rgb(159, 107, 8)",
          "strokeLinejoin": "miter",
          "strokeLinecap": "butt",
          "strokeMiterlimit": "4",
          "strokeWidth": 34.13333333333333
        },
        {
          "fill": "rgb(159, 107, 8)"
        }
      ],
      "properties": {
        "order": 36,
        "id": 5,
        "name": "aroow-left",
        "prevSize": 32
      },
      "setIdx": 0,
      "setId": 12,
      "iconIdx": 0
    },
    {
      "icon": {
        "paths": [
          "M85.662 265.853l426.338-246.146 426.339 246.146v492.292l-426.339 246.149-426.338-246.149v-492.292z",
          "M694.736 524.070c6.663-6.666 6.663-17.473 0-24.139l-108.612-108.609c-6.666-6.666-17.473-6.666-24.136 0-6.666 6.663-6.666 17.469 0 24.136l96.543 96.543-96.543 96.543c-6.666 6.666-6.666 17.473 0 24.136 6.663 6.666 17.469 6.666 24.136 0l108.612-108.609zM341.333 529.067h341.333v-34.133h-341.333v34.133z"
        ],
        "attrs": [
          {
            "fill": "none",
            "stroke": "rgb(159, 107, 8)",
            "strokeLinejoin": "miter",
            "strokeLinecap": "butt",
            "strokeMiterlimit": "4",
            "strokeWidth": 34.13333333333333
          },
          {
            "fill": "rgb(159, 107, 8)"
          }
        ],
        "isMulticolor": false,
        "isMulticolor2": true,
        "grid": 0,
        "tags": [
          "aroow-right"
        ],
        "colorPermutations": {
          "1591078125525525514441": [
            {
              "s": 1
            },
            {
              "f": 1
            }
          ]
        }
      },
      "attrs": [
        {
          "fill": "none",
          "stroke": "rgb(159, 107, 8)",
          "strokeLinejoin": "miter",
          "strokeLinecap": "butt",
          "strokeMiterlimit": "4",
          "strokeWidth": 34.13333333333333
        },
        {
          "fill": "rgb(159, 107, 8)"
        }
      ],
      "properties": {
        "order": 37,
        "id": 4,
        "name": "aroow-right",
        "prevSize": 32
      },
      "setIdx": 0,
      "setId": 12,
      "iconIdx": 1
    },
    {
      "icon": {
        "paths": [
          "M85.675 265.865l426.325-246.17 426.325 246.204v492.203l-426.325 246.204-426.325-246.204v-492.203z",
          "M499.917 694.75c3.090 3.098 7.363 5.014 12.083 5.014s8.993-1.916 12.083-5.014l0-0 108.578-108.612c3.215-3.108 5.21-7.459 5.21-12.276 0-9.426-7.641-17.067-17.067-17.067-4.817 0-9.168 1.996-12.271 5.205l-0.005 0.005-96.529 96.529-96.529-96.529c-3.091-3.095-7.364-5.010-12.083-5.010-9.431 0-17.076 7.645-17.076 17.076 0 4.711 1.908 8.977 4.993 12.066l-0-0 108.612 108.612zM494.933 341.333v341.333h34.133v-341.333h-34.133z"
        ],
        "attrs": [
          {
            "fill": "none",
            "stroke": "rgb(4, 4, 4)",
            "strokeLinejoin": "miter",
            "strokeLinecap": "butt",
            "strokeMiterlimit": "4",
            "strokeWidth": 34.13333333333333
          },
          {}
        ],
        "isMulticolor": false,
        "isMulticolor2": true,
        "grid": 0,
        "tags": [
          "arrow"
        ],
        "colorPermutations": {
          "1591078125525525514441": [
            {
              "s": 0
            },
            {}
          ]
        }
      },
      "attrs": [
        {
          "fill": "none",
          "stroke": "rgb(4, 4, 4)",
          "strokeLinejoin": "miter",
          "strokeLinecap": "butt",
          "strokeMiterlimit": "4",
          "strokeWidth": 34.13333333333333
        },
        {}
      ],
      "properties": {
        "order": 38,
        "id": 3,
        "name": "arrow",
        "prevSize": 32
      },
      "setIdx": 0,
      "setId": 12,
      "iconIdx": 2
    },
    {
      "icon": {
        "paths": [
          "M512 0c-282.295 0-512 229.642-512 511.969 0 282.324 229.705 511.966 512 511.966 282.293 0 512-229.642 512-511.966 0-282.328-229.707-511.969-512-511.969zM512 989.836c-263.487 0-477.835-214.381-477.835-477.867 0-263.489 214.347-477.868 477.835-477.868 263.489 0 477.836 214.379 477.836 477.868 0 263.485-214.347 477.867-477.836 477.867z",
          "M623.749 224.593h-85.19c-108.5-1.085-122.358 66.064-122.358 138.736v52.845h-47.896c-2.164-0.29-4.366-0.075-6.434 0.625s-3.949 1.867-5.492 3.41c-1.546 1.546-2.714 3.427-3.413 5.495s-0.915 4.27-0.625 6.434v95.792c-0.29 2.164-0.075 4.366 0.625 6.434s1.867 3.949 3.413 5.492c1.543 1.546 3.424 2.714 5.492 3.413s4.27 0.915 6.434 0.625h47.896v239.476c-0.266 2.167-0.031 4.369 0.683 6.434s1.891 3.939 3.441 5.478c1.55 1.543 3.43 2.707 5.499 3.41s4.273 0.922 6.441 0.642h97.546c9.417 1.085 17.050-6.543 14.049-15.964l0.061-239.476h79.828c2.164 0.29 4.366 0.075 6.434-0.625s3.949-1.867 5.492-3.413c1.546-1.543 2.714-3.424 3.413-5.492s0.915-4.27 0.625-6.434v-95.792c0.29-2.164 0.075-4.366-0.625-6.434s-1.867-3.949-3.413-5.495c-1.543-1.543-3.424-2.71-5.492-3.41s-4.27-0.915-6.434-0.625h-79.923l0.096-47.896c3.099-20.401 3.099-17.084 22.033-15.964h57.122c4.441-0.99 9.165-0.447 12.486-3.673s5.236-7.631 4.12-12.293v-95.79c0.294-2.163 0.085-4.365-0.611-6.434s-1.86-3.949-3.403-5.494c-1.543-1.545-3.42-2.714-5.489-3.414-2.065-0.7-4.267-0.913-6.431-0.623zM606.665 318.595l-40.042-1.533c-49.585 0-53.736 26.916-53.736 54.472l-0.13 60.539c-0.003 2.243 0.433 4.465 1.29 6.537 0.853 2.072 2.109 3.956 3.693 5.543s3.465 2.843 5.536 3.703c2.072 0.86 4.291 1.3 6.533 1.3h77.971v61.689h-77.909c-4.523 0-8.864 1.795-12.066 4.994-3.202 3.195-5.007 7.533-5.014 12.056l-0.034 239.51h-64.625v-239.476c0-9.421-6.42-17.053-15.869-17.053h-47.991v-61.689h47.991c2.239 0.003 4.458-0.433 6.53-1.287 2.068-0.857 3.953-2.109 5.54-3.693 3.191-3.226 3.765-7.567 3.765-12.1v-68.809c0-71.588 14.466-105.69 90.426-105.69h68.11v60.987h0.031z"
        ],
        "attrs": [
          {
            "fill": "rgb(255, 255, 255)"
          },
          {
            "fill": "rgb(255, 255, 255)"
          }
        ],
        "isMulticolor": false,
        "isMulticolor2": false,
        "grid": 0,
        "tags": [
          "facebook"
        ],
        "colorPermutations": {
          "1591078125525525514441": [
            {
              "f": 2
            },
            {
              "f": 2
            }
          ]
        }
      },
      "attrs": [
        {
          "fill": "rgb(255, 255, 255)"
        },
        {
          "fill": "rgb(255, 255, 255)"
        }
      ],
      "properties": {
        "order": 39,
        "id": 2,
        "name": "facebook",
        "prevSize": 32
      },
      "setIdx": 0,
      "setId": 12,
      "iconIdx": 3
    },
    {
      "icon": {
        "paths": [
          "M733.363 32h-442.726c-142.855 0-258.637 115.803-258.637 258.637v442.726c0 142.854 115.803 258.637 258.657 258.637h442.687c142.854 0 258.656-115.802 258.656-258.656v-442.707c0-142.855-115.802-258.637-258.656-258.637h0.019z",
          "M511.994 743.738c127.981 0 231.728-103.747 231.728-231.728s-103.747-231.728-231.728-231.728c-127.981 0-231.728 103.748-231.728 231.728s103.747 231.728 231.728 231.728z",
          "M784.784 263.085c22.672 0 41.050-18.379 41.050-41.050s-18.378-41.050-41.050-41.050c-22.672 0-41.050 18.379-41.050 41.050s18.378 41.050 41.050 41.050z"
        ],
        "attrs": [
          {
            "fill": "none",
            "stroke": "rgb(255, 255, 255)",
            "strokeLinejoin": "miter",
            "strokeLinecap": "butt",
            "strokeMiterlimit": "10",
            "strokeWidth": 32
          },
          {
            "fill": "none",
            "stroke": "rgb(255, 255, 255)",
            "strokeLinejoin": "miter",
            "strokeLinecap": "butt",
            "strokeMiterlimit": "10",
            "strokeWidth": 32
          },
          {
            "fill": "rgb(255, 255, 255)"
          }
        ],
        "isMulticolor": false,
        "isMulticolor2": true,
        "grid": 0,
        "tags": [
          "instagram"
        ],
        "colorPermutations": {
          "1591078125525525514441": [
            {
              "s": 2
            },
            {
              "s": 2
            },
            {
              "f": 2
            }
          ]
        }
      },
      "attrs": [
        {
          "fill": "none",
          "stroke": "rgb(255, 255, 255)",
          "strokeLinejoin": "miter",
          "strokeLinecap": "butt",
          "strokeMiterlimit": "10",
          "strokeWidth": 32
        },
        {
          "fill": "none",
          "stroke": "rgb(255, 255, 255)",
          "strokeLinejoin": "miter",
          "strokeLinecap": "butt",
          "strokeMiterlimit": "10",
          "strokeWidth": 32
        },
        {
          "fill": "rgb(255, 255, 255)"
        }
      ],
      "properties": {
        "order": 40,
        "id": 1,
        "name": "instagram",
        "prevSize": 32
      },
      "setIdx": 0,
      "setId": 12,
      "iconIdx": 4
    },
    {
      "icon": {
        "paths": [
          "M1377.453 182.124c-7.84-29.077-23.19-55.589-44.522-76.881-21.328-21.292-47.885-36.618-77.011-44.444-79.603-30.7-850.778-45.742-1074.513 0.859-29.132 7.829-55.692 23.16-77.021 44.459s-36.679 47.818-44.513 76.901c-35.948 157.384-38.665 497.63 0.894 658.548 7.839 29.078 23.192 55.59 44.521 76.883 21.329 21.29 47.886 36.618 77.014 44.442 157.654 36.23 907.158 41.312 1074.512 0 29.126-7.824 55.686-23.152 77.014-44.442 21.328-21.293 36.682-47.805 44.522-76.883 38.32-171.462 41.037-490.624-0.896-659.441v0z",
          "M945.907 511.827l-359.376-205.733v411.468l359.376-205.734z"
        ],
        "attrs": [
          {
            "fill": "none",
            "stroke": "rgb(255, 255, 255)",
            "strokeLinejoin": "round",
            "strokeLinecap": "round",
            "strokeMiterlimit": "4",
            "strokeWidth": 32
          },
          {
            "fill": "none",
            "stroke": "rgb(255, 255, 255)",
            "strokeLinejoin": "round",
            "strokeLinecap": "round",
            "strokeMiterlimit": "4",
            "strokeWidth": 32
          }
        ],
        "width": 1440,
        "isMulticolor": false,
        "isMulticolor2": false,
        "grid": 0,
        "tags": [
          "youtube"
        ],
        "colorPermutations": {
          "1591078125525525514441": [
            {
              "s": 2
            },
            {
              "s": 2
            }
          ]
        }
      },
      "attrs": [
        {
          "fill": "none",
          "stroke": "rgb(255, 255, 255)",
          "strokeLinejoin": "round",
          "strokeLinecap": "round",
          "strokeMiterlimit": "4",
          "strokeWidth": 32
        },
        {
          "fill": "none",
          "stroke": "rgb(255, 255, 255)",
          "strokeLinejoin": "round",
          "strokeLinecap": "round",
          "strokeMiterlimit": "4",
          "strokeWidth": 32
        }
      ],
      "properties": {
        "order": 41,
        "id": 0,
        "name": "youtube",
        "prevSize": 32
      },
      "setIdx": 0,
      "setId": 12,
      "iconIdx": 5
    }
  ],
  "height": 1024,
  "preferences": {
    "showGlyphs": true,
    "showQuickUse": true,
    "showQuickUse2": true,
    "showSVGs": true,
    "fontPref": {
      "prefix": "icon-",
      "metadata": {
        "fontFamily": "icomoon"
      },
      "metrics": {
        "emSize": 1024,
        "baseline": 6.25,
        "whitespace": 50
      },
      "embed": false
    },
    "imagePref": {
      "prefix": "icon-",
      "png": false,
      "useClassSelector": false,
      "color": 0,
      "bgColor": 16777215,
      "classSelector": ".icon",
      "name": "icomoon",
      "height": 48,
      "columns": 16,
      "margin": 16,
      "autoHost": false,
      "overrideSize": false
    },
    "historySize": 50,
    "showCodes": true,
    "gridSize": 16,
    "quickUsageToken": {
      "UntitledProject": "YmI3MTMzZDgxNmQwOWYzNDBkZGVmY2I4ZjU5N2Y3MzgjMSMxNjcyNzMzOTYwIyMjYTVjZmJlNGM0ZDJm"
    }
  }
}